iter	Logloss
0	0.6803807754
1	0.66786107
2	0.6551287771
3	0.6437194817
4	0.6331649751
5	0.6227576401
6	0.6132467819
7	0.6040605354
8	0.5956040078
9	0.5868128792
10	0.57908577
11	0.5710488031
12	0.5640039777
13	0.5569011718
14	0.5502872784
15	0.5445317527
16	0.5385130673
17	0.5332344012
18	0.5286231824
19	0.5237973735
20	0.5190131507
21	0.5139671401
22	0.5097957797
23	0.5057807148
24	0.5014275703
25	0.4977659434
26	0.4940806599
27	0.4904775689
28	0.487158593
29	0.4841253645
30	0.48135251
31	0.4784860721
32	0.4756898018
33	0.4731049496
34	0.4706369941
35	0.4680873035
36	0.4655985362
37	0.4634919437
38	0.4613618808
39	0.4593513893
40	0.4575138144
41	0.4555797056
42	0.4538733637
43	0.45200244	0.44	0.4502219809
45	0.4484946	0.446	0.446947	0.4447	0.445448	0.4348	0.443949	0.4349	0.4428422956
50	0.441451	0.4351	0.4400440021
52	0.4386806538
53	0.437395714
54	0.436255	0.4255	0.434956	0.4256	0.433857	0.4257	0.432858	0.4258	0.431859	0.4259	0.430860	0.4260	0.429961	0.4261	0.429062	0.4262	0.428563	0.463	0.4275864	0.464	0.4266167868
65	0.4257966	0.466	0.4248588147
67	0.4239621852
68	0.4231931255
69	0.4225435687
70	0.4221852686
71	0.4214150451
72	0.4205901118
73	0.4197379159
74	0.419221274
75	0.418501707
76	0.4178811683
77	0.4173699865
78	0.4166572603
79	0.4160990475
80	0.4154528243
81	0.4148589201
82	0.4143267853
83	0.4137707542
84	0.4132071222
85	0.4126426422
86	0.4120685697
87	0.4115140234
88	0.4109216075
89	0.4103707109
90	0.4098373287
91	0.4092603068
92	0.4087158639
93	0.4081301007
94	0.4076117798
95	0.4071225816
96	0.4066089783
97	0.4060836298
98	0.4057320393
99	0.4053689601
100	0.4049358785
101	0.404535722
102	0.4041330671
103	0.4039352214
104	0.403105	0.39105	0.403106	0.3106	0.4026249077
107	0.4022108	0.108	0.40191109	0.109	0.4015546618
110	0.4012048374
111	0.4007630063
112	0.4003497187
113	0.4000343808
114	0.3998032376
115	0.3994624229
116	0.3992266335
117	0.398862176
118	0.398622077
119	0.3982474082
120	0.3979416733
121	0.3976420726
122	0.3974147432
123	0.3971469901
124	0.3968624917
125	0.3964769781
126	0.3960574457
127	0.3957628767
128	0.3953724477
129	0.395124112
130	0.3947893658
131	0.3945277625
132	0.3943497022
133	0.3940650338
134	0.3938954342
135	0.3935798938
136	0.3931871926
137	0.3929344733
138	0.3926387091
139	0.3923239293
140	0.3919959476
141	0.391704926
142	0.3914833572
143	0.391190592
144	0.3909333132
145	0.3905966976
146	0.3903004261
147	0.3900119614148	0.38969605514149	0.38937394115150	0.38899321515151	0.38871218615152	0.38840774515153	0.38812543215154	0.38788723155155	0.38785930156156	0.38763322157157	0.3874222158	158	0.3872358159	159	0.386940160	160	0.386643161	0161	0.386619162	0162	0.386372163	0163	0.386142164	0164	0.385881165	0165	0.385757166	0166	0.385569167	0167	0.385454168	0.3715522169	169	0169	0.384931170	0170	0.384648171	171	0.3843595593
172	0.3842354141
173	0.3840147674
174	0.3839161815
175	0.3837059506
176	0.3834603711
177	0.3832337882
178	0.383072588
179	0.3828599475
180	0.3826753132
181	0.3824467904
182	0.3822496193
183	0.3820563939
184	0.381953782
185	0.3817730186
186	0.3815533192
187	0.3814055343
188	0.3811034476
189	0.3809226778
190	0.3806922462
191	0.3806159398
192	0.3805140086
193	0.3802903138
194	0.3800372992
195	0.379831988
196	0.3796469223
197	0.3794928028
198	0.3793556873
199	0.3791925251
200	0.3790375198
201	0.3789033028
202	0.3788213057
203	0.3786817493
204	0.3786059566
205	0.3784063353
206	0.378198541
207	0.37807643
208	0.37780315
209	0.3776306553
210	0.3773968567
211	0.3771595464
212	0.3769837869
213	0.3766854419
214	0.3766029488
215	0.3763692716
216	0.3761043962
217	0.3758494789
218	0.3756979283
219	0.3754818519
220	0.3752971922
221	0.3751797578
222	0.3750073409
223	0.3748357353
224	0.3745590243
225	0.3744696029
226	0.3742642376
227	0.3740261687
228	0.3738587099
229	0.3737044551
230	0.3735591341
231	0.3734093507
232	0.3731741959
233	0.3730437128
234	0.3728875005
235	0.3726442391
236	0.37237	0.365237	0.37238	0.364238	0.37239	0.3647862056
240	0.364240	0.37241	0.364241	0.3242	0.3640242	0.3243	0.3637243	0.3244	0.3635244	0.3245	0.3633505851
246	0.3631091887
247	0.3629369722
248	0.3628123737
249	0.3626791586
250	0.3625452694
251	0.3623039654
252	0.362252	0.37253	0.362253	0.36254	0.361254	0.36255	0.361255	0.36256	0.361256	0.36257	0.3615053606
258	0.3613699643
259	0.36115898
260	0.3609713738
261	0.3608018363
262	0.3606207127
263	0.3605031858
264	0.3603994114
265	0.3601387882
266	0.359944728
267	0.3598502546
268	0.3595698056
269	0.3594986977
270	0.35941038
271	0.3591325142
272	0.3588943036
273	0.3587884687
274	0.3585883237
275	0.3584263339
276	0.3581210335
277	0.357920461
278	0.3577119071
279	0.3575469852
280	0.3573681907
281	0.3571694175
282	0.3570956226
283	0.3568288944
284	0.3565779705
285	0.3564364071
286	0.3562065571
287	0.3561124263
288	0.3559290726
289	0.3558319316
290	0.3557681249
291	0.3555809687
292	0.3554466421
293	0.3551416024
294	0.3549444183
295	0.3548625839
296	0.3547198723
297	0.3546337445
298	0.3544734599
299	0.3544023709
300	0.3542655718
301	0.354190082
302	0.3539860885
303	0.3538591528
304	0.3537451126
305	0.3535655356
306	0.3534880717
307	0.3533978124
308	0.3532421826
309	0.3530902444
310	0.3529909908
311	0.3527886682
312	0.3527242853
313	0.3525100792
314	0.3523849609
315	0.3522412326
316	0.3520685208
317	0.3520249034
318	0.3518604808
319	0.3517390563
320	0.3515815166
321	0.3514260421
322	0.3513041105
323	0.351146054
324	0.3510702933
325	0.3509442075
326	0.3508055953
327	0.3507005689
328	0.3505752196
329	0.3504385456
330	0.350184303
331	0.3501294501
332	0.3499288924
333	0.3497232671
334	0.3495710952
335	0.3493769409
336	0.3490829081
337	0.3489541711
338	0.3487073245
339	0.3485280554
340	0.3484220942
341	0.3482852793
342	0.348226009
343	0.3480608489
344	0.3479432418
345	0.3477211122
346	0.3475649435
347	0.3473591957
348	0.347154407
349	0.3470981685
350	0.3469522857
351	0.3468974107
352	0.3468106949
353	0.3466872115
354	0.346567384
355	0.3463957651
356	0.3462877102
357	0.3461793185
358	0.3461527264
359	0.3459674534
360	0.3457955002
361	0.3456504387
362	0.3454993934
363	0.3452918778
364	0.3451593355
365	0.3449878271
366	0.3448375184
367	0.3446730505
368	0.3444381006
369	0.3442270247
370	0.3441044871
371	0.3439822517
372	0.343822847
373	0.34368025
374	0.3435174704
375	0.3434425276
376	0.3433040092
377	0.3431112144
378	0.3429580254
379	0.3428852275
380	0.3428234243
381	0.3426492468
382	0.3424863016
383	0.3423840681
384	0.3421752034
385	0.342113367
386	0.3419914304
387	0.3418249474
388	0.3416021081
389	0.3414266094
390	0.3412526171
391	0.3411411951
392	0.3409943262
393	0.3408675744
394	0.3407335438
395	0.3406041668
396	0.3404725388
397	0.3403642392
398	0.3402644907
399	0.3401850362
400	0.3400022738
401	0.3398204227
402	0.3396602607
403	0.3395411779
404	0.3393968553
405	0.3392638691
406	0.3390970866
407	0.3390116054
408	0.3388293336
409	0.3387408149
410	0.3385482571
411	0.3384061791
412	0.3382551959
413	0.3381091293
414	0.3380293965
415	0.3379171934
416	0.337816537
417	0.3376221214
418	0.3375250169
419	0.3373303659
420	0.3372243624
421	0.3371289238
422	0.3370157189
423	0.3368959577
424	0.3367310724
425	0.336604099
426	0.3364672516
427	0.3362956917
428	0.3361286606
429	0.3359786853
430	0.3358157291
431	0.3356216943
432	0.3354254689
433	0.3352637242
434	0.3351048757
435	0.335051735
436	0.3349418559
437	0.3347460433
438	0.334640151
439	0.3344345455
440	0.3343143271
441	0.3342540859
442	0.3341380265
443	0.3340824856
444	0.3340008996
445	0.3338728415
446	0.333735856
447	0.3335792016
448	0.3334518485
449	0.3333053557
450	0.3331696916
451	0.33310335
452	0.3329431783
453	0.3327750822
454	0.3325470043
455	0.3325093401
456	0.3323490598
457	0.3321745681
458	0.3321064438
459	0.3320091769
460	0.3318894655
461	0.3317274642
462	0.3315497241
463	0.3314893992
464	0.3313329653
465	0.3312102718
466	0.3311465492
467	0.3310502993
468	0.3309262153
469	0.3308421138
470	0.3306338043
471	0.3305114257
472	0.3303029984
473	0.3300937573
474	0.3299132207
475	0.3297018237
476	0.3295875651
477	0.3294102493
478	0.3292919675
479	0.3291890034
480	0.32907039
481	0.3289322916
482	0.3288165079
483	0.3287378764
484	0.3285785216
485	0.3283766233
486	0.3282203537
487	0.3280730893
488	0.3279252179
489	0.3277368598
490	0.327593884
491	0.3275289066
492	0.3273508236
493	0.3272434306
494	0.3271079335
495	0.3269666427
496	0.326829792
497	0.3266629477
498	0.3265449498
499	0.3264173294
500	0.3262483678
501	0.326069282
502	0.3259857528
503	0.3259060052
504	0.3257395995
505	0.325671024
506	0.3253475274
507	0.3251428191
508	0.3250901303
509	0.3249636765
510	0.3248303695
511	0.324683677
512	0.3244951347
513	0.3243246753
514	0.324163847
515	0.3240428634
516	0.323843932
517	0.3236756902
518	0.3235722713
519	0.3234638356
520	0.3232989542
521	0.3231240057
522	0.3229614354
523	0.3228527381
524	0.32274849
525	0.3226245594
526	0.3225542051
527	0.322498121
528	0.3224207231
529	0.3222416375
530	0.3221468533
531	0.3219915582
532	0.3218301194
533	0.321709086
534	0.3215440292
535	0.3214116122
536	0.3212497775
537	0.3210532069
538	0.3209332395
539	0.3208243762
540	0.3207186342
541	0.3205806118
542	0.32045826
543	0.3204033334
544	0.3202571243
545	0.32011225
546	0.319977845
547	0.3198320761
548	0.3195790117
549	0.3194141846
550	0.3193141361
551	0.3191572225
552	0.3189782344
553	0.3188451561
554	0.3187425622
555	0.3185541219
556	0.3183355658
557	0.3182145093
558	0.3181540172
559	0.3180126025
560	0.3178405276
561	0.3176968766
562	0.3175332353
563	0.3172728626
564	0.3170463079
565	0.3168775122
566	0.3167742922
567	0.3166212248
568	0.3164734126
569	0.3163462378
570	0.3162891186
571	0.3161532835
572	0.3160899392
573	0.3159468611
574	0.3157670344
575	0.3156285294
576	0.315551504
577	0.3154445667
578	0.3153046358
579	0.315118045
580	0.3149600933
581	0.3148041
582	0.3145759847
583	0.3144850896
584	0.314311529
585	0.3141362824
586	0.3139409609
587	0.3138272768
588	0.3137571377
589	0.3135815871
590	0.3133351056
591	0.3131534122
592	0.3129439394
593	0.31285161
594	0.3127502946
595	0.3126338247
596	0.3124840555
597	0.3122928664
598	0.3122087559
599	0.3121539017
600	0.3120620796
601	0.3120130086
602	0.3118813442
603	0.3118151377
604	0.3117569419
605	0.3115213426
606	0.3113527844
607	0.311155854
608	0.3110414894
609	0.3109561566
610	0.3108759812
611	0.3106497888
612	0.3105144762
613	0.3102912001
614	0.3101636298
615	0.3100066223
616	0.3098817806
617	0.3097274689
618	0.3096770597
619	0.3095276813
620	0.3094076666
621	0.3092610274
622	0.3091187954
623	0.3089721816
624	0.3087446268
625	0.3086017865
626	0.3085236643
627	0.3083775942
628	0.3083159617
629	0.3081924077
630	0.3081631956
631	0.308084967
632	0.3080117361
633	0.3078322603
634	0.307614147
635	0.3075041461
636	0.3073899337
637	0.3072233981
638	0.3070149192
639	0.3068808432
640	0.3067005387
641	0.3065830284
642	0.3064242298
643	0.3062882336
644	0.3060715899
645	0.3059234283
646	0.3057978664
647	0.3057459842
648	0.3056353602
649	0.3054459574
650	0.3053519875
651	0.3051681361
652	0.3051404576
653	0.3050495444
654	0.3050053597
655	0.3049628011
656	0.3048151497
657	0.3046148425
658	0.304515717
659	0.304416244
660	0.3041936789
661	0.3040685438
662	0.3039110351
663	0.3037743798
664	0.3036530708
665	0.3036310429
666	0.303586866
667	0.3034885355
668	0.3032988507
669	0.3032055355
670	0.3030836893
671	0.302907172
672	0.3027816484
673	0.3027104451
674	0.3026382866
675	0.3024599582
676	0.3022717462
677	0.3021597233
678	0.3019635599
679	0.3018489467
680	0.3017188157
681	0.3015429464
682	0.3013368828
683	0.3011105888
684	0.3009448489
685	0.3007423046
686	0.3006479705
687	0.3005212532
688	0.300305572
689	0.3001465836
690	0.3000304556
691	0.2998414568
692	0.2997645261
693	0.2996010526
694	0.2994459312
695	0.2993688582
696	0.2991232894
697	0.2990006566
698	0.2987933867
699	0.2987733291
700	0.2986728828
701	0.2985553497
702	0.2984916966
703	0.298270736
704	0.2980677042
705	0.2979439374
706	0.2979243422
707	0.2978186144
708	0.2976543943
709	0.2975717109
710	0.2973917263
711	0.2972400506
712	0.2971589999
713	0.2969685658
714	0.2967481779
715	0.2966251789
716	0.2964898893
717	0.2963384835
718	0.296250331
719	0.2960302144
720	0.2959569713
721	0.2957813294
722	0.2956780766
723	0.2955780802
724	0.2954132432
725	0.2952924713
726	0.2951793134
727	0.2950346478
728	0.29497308
729	0.2947805781
730	0.2946651532
731	0.2944983094
732	0.294408447
733	0.2941916561
734	0.2940523208
735	0.2939085579
736	0.2937507809
737	0.2936746339
738	0.2936030336
739	0.2934738602
740	0.2933407489
741	0.2932290428
742	0.2931246076
743	0.293007933
744	0.2929244983
745	0.2927295913
746	0.2926147807
747	0.2925041611
748	0.2923899524
749	0.2922933199
750	0.2921664193
751	0.2920812535
752	0.2919000045
753	0.2918586448
754	0.291800771
755	0.2917165476
756	0.2916251549
757	0.2915027336
758	0.2914174394
759	0.2913397117
760	0.2912316735
761	0.291093319
762	0.29094007
763	0.2908822918
764	0.2907683673
765	0.2906195252
766	0.2905037718
767	0.2904159514
768	0.2902763933
769	0.2901848978
770	0.2899900673
771	0.2898755092
772	0.2897219125
773	0.2895981168
774	0.2894894
775	0.289472051
776	0.2893688924
777	0.2892681343
778	0.2891100945
779	0.2889653704
780	0.2888269555
781	0.2886757783
782	0.2886225408
783	0.288416637
784	0.2882931334
785	0.2881562696
786	0.2880526207
787	0.2879441575
788	0.2878539381
789	0.2876932197
790	0.2875868709
791	0.2874663784
792	0.2873469494
793	0.2872576783
794	0.2871796542
795	0.2870878899
796	0.2869081117
797	0.2867230911
798	0.2865522432
799	0.2864244062
800	0.2863538761
801	0.2862250766
802	0.286120092
803	0.285991036
804	0.2858926462
805	0.2858742882
806	0.2857094219
807	0.2856240309
808	0.2855023503
809	0.2853263476
810	0.2852318203
811	0.2851344171
812	0.2850630431
813	0.28501868
814	0.2849428678
815	0.2849269163
816	0.2847769545
817	0.2846882461
818	0.2846056915
819	0.2845362175
820	0.2844084821
821	0.2842109327
822	0.2841044466
823	0.2839992916
824	0.2838937953
825	0.2838394451
826	0.2837393167
827	0.2836319409
828	0.2835410615
829	0.2834238142
830	0.2833888149
831	0.2833240941
832	0.2832024484
833	0.2831864978
834	0.2830642247
835	0.2829016332
836	0.2827946297
837	0.2826736486
838	0.2825357503
839	0.282443021
840	0.2823979676
841	0.2823345764
842	0.2821488686
843	0.2820074302
844	0.2819717389
845	0.2818887123
846	0.2817268578
847	0.281641344
848	0.2815289446
849	0.2814876721
850	0.281340915
851	0.2812473755
852	0.2811637308
853	0.2810323413
854	0.2809288196
855	0.2808271418
856	0.2807900719
857	0.280716486
858	0.2806295864
859	0.2805027584
860	0.2804048839
861	0.2802863858
862	0.2802532085
863	0.2801458384
864	0.2800782288
865	0.2800274731
866	0.2798367626
867	0.2797325413
868	0.2796971097
869	0.2795772205
870	0.2795005653
871	0.2793943412
872	0.2792695918
873	0.2791185964
874	0.279025382
875	0.2789850355
876	0.2788687679
877	0.278784291
878	0.2786999366
879	0.2785693526
880	0.2784740725
881	0.2783668982
882	0.2783012597
883	0.2782128565
884	0.2780252589
885	0.2779042624
886	0.277751822
887	0.2776645625
888	0.2775806037
889	0.2775205703
890	0.2773929981
891	0.2773071259
892	0.2772259176
893	0.2771405337
894	0.2770150003
895	0.2769032299
896	0.2768326863
897	0.276687941
898	0.2765900432
899	0.2764646046
900	0.2763965511
901	0.2763045264
902	0.2762483486
903	0.2761372433
904	0.2760347714
905	0.275929217
906	0.275916018
907	0.2757874861
908	0.2757604112
909	0.275701934
910	0.2755512958
911	0.2754311208
912	0.2753265423
913	0.2752228134
914	0.275078767
915	0.2749914484
916	0.2749314347
917	0.2748395941
918	0.2747448889
919	0.2746624718
920	0.2745845741
921	0.2745440691
922	0.2744735796
923	0.2743827358
924	0.2742777153
925	0.2741119516
926	0.2739969446
927	0.2739763959
928	0.2739201703
929	0.2738195442
930	0.2737447041
931	0.2736134356
932	0.2735457743
933	0.2734670267
934	0.2733730512
935	0.2733039229
936	0.273195612
937	0.2730693024
938	0.2729925056
939	0.2728070292
940	0.2726923502
941	0.2725644059
942	0.2724589088
943	0.2723954751
944	0.2723463603
945	0.2722133404
946	0.2721288561
947	0.2720320528
948	0.2719218438
949	0.2718184751
950	0.2717593198
951	0.2716908161
952	0.2715895892
953	0.271496248
954	0.2713998881
955	0.2713381928
956	0.2713090167
957	0.2712100064
958	0.2711348979
959	0.2710275602
960	0.2708411258
961	0.2707575986
962	0.270666756
963	0.2705511327
964	0.2704842348
965	0.2703787641
966	0.2702882633
967	0.2702012782
968	0.2701845913
969	0.2700547954
970	0.2699507196
971	0.2699080399
972	0.2698254468
973	0.2697938074
974	0.2696581496
975	0.2695300176
976	0.2695183268
977	0.2694503949
978	0.269385025
979	0.2693228632
980	0.2692201682
981	0.2690496622
982	0.2689318507
983	0.2688871784
984	0.2687625403
985	0.2686348874
986	0.2685556936
987	0.2684521795
988	0.2683935136
989	0.268322388
990	0.2682281457
991	0.2681709668
992	0.2680948397
993	0.2679796471
994	0.2679178472
995	0.2678341995
996	0.2677434626
997	0.2676230977
998	0.267490443
999	0.2674047145
79
0.261253999	0999	0.2611444248
