iter	Passed	Remaining
0	71	71617
1	74	37276
2	77	25851
3	81	20256
4	84	16761
5	87	14465
6	90	12789
7	93	11545
8	95	10512
9	98	9799
10	101	9160
11	104	8596
12	107	8147
13	109	7735
14	113	7458
15	116	7139
16	118	6855
17	121	6623
18	123	6383
19	126	6184
20	129	6040
21	132	5868
22	134	5712
23	139	5673
24	142	5574
25	147	5532
26	151	5457
27	155	5402
28	164	5502
29	169	5467
30	186	5839
31	209	6335
32	233	6843
33	245	6976
34	257	7102
35	263	7056
36	274	7156
37	281	7130
38	290	7149
39	294	7064
40	300	7027
41	306	6982
42	309	6889
43	344	314	644	320	6792
45	346	321	646	347	326	647	348	330	648	349	335	649	341	6483
50	351	342	651	349	6377
52	357	6391
53	361	6334
54	355	364	655	356	368	656	357	373	657	358	378	658	359	382	559	360	386	560	361	390	561	362	395	562	463	398	563	464	403	564	410	5902
65	466	413	566	423	5898
67	431	5918
68	438	5910
69	443	5887
70	445	5832
71	453	5848
72	457	5815
73	462	5793
74	466	5752
75	470	5720
76	474	5693
77	479	5666
78	483	5632
79	486	5600
80	491	5574
81	495	5550
82	504	5575
83	509	5551
84	514	5541
85	518	5511
86	523	5498
87	527	5470
88	532	5446
89	539	5451
90	543	5427
91	547	5406
92	553	5401
93	557	5376
94	563	5370
95	568	5353
96	572	5330
97	581	5356
98	587	5343
99	592	5333
100	597	5314
101	603	5313
102	606	5284
103	609	5252
104	6105	611	105	6106	615	106	623	5201
107	6108	624	108	6109	629	109	637	5156
110	642	5144
111	648	5144
112	653	5127
113	659	5128
114	664	5111
115	670	5111
116	674	5092
117	679	5076
118	683	5060
119	688	5045
120	694	5043
121	697	5023
122	702	5006
123	706	4988
124	710	4972
125	713	4948
126	717	4933
127	721	4914
128	725	4901
129	729	4883
130	734	4870
131	738	4856
132	742	4842
133	747	4828
134	750	4811
135	755	4799
136	760	4793
137	764	4778
138	769	4765
139	773	4748
140	776	4732
141	781	4721
142	786	4711
143	790	4701
144	794	4684
145	798	4669
146	802	4657
147	148	802	4148	149	806	4149	150	811	4150	151	816	4151	152	820	4152	153	825	4153	154	829	4154	155	833	4155	156	837	4156	157	842	4157	158	847	4158	159	850	4159	160	855	4160	161	858	4161	162	862	4162	163	866	4163	164	870	4164	165	874	4165	166	880	4166	167	884	4167	168	891	4381
169	895	4169	170	896	4170	171	900	4171	910	4384
172	915	4374
173	919	4366
174	924	4357
175	931	4362
176	935	4349
177	943	4356
178	946	4341
179	950	4331
180	954	4319
181	958	4309
182	962	4298
183	967	4290
184	970	4277
185	975	4269
186	979	4256
187	982	4243
188	986	4231
189	990	4222
190	994	4210
191	997	4195
192	1000	4184
193	1005	4175
194	1008	4164
195	1013	4158
196	1017	4147
197	1021	4137
198	1025	4126
199	1028	4114
200	1032	4102
201	1035	4092
202	1040	4084
203	1043	4070
204	1047	4061
205	1050	4048
206	1053	4034
207	1056	4023
208	1059	4009
209	1062	3998
210	1066	3987
211	1069	3975
212	1073	3965
213	1077	3956
214	1080	3946
215	1084	3935
216	1087	3923
217	1090	3912
218	1093	3901
219	1097	3892
220	1101	3882
221	1105	3872
222	1108	3861
223	1110	3848
224	1113	3837
225	1117	3826
226	1120	3814
227	1123	3802
228	1125	3790
229	1128	3779
230	1131	3766
231	1134	3756
232	1137	3745
233	1140	3734
234	1143	3723
235	1147	3713
23237	1147	36723238	1151	36623239	1154	3656
240	1157	36424241	1161	36324242	1164	36224243	1167	36124244	1170	36024245	1173	3597
246	1177	3589
247	1180	3580
248	1183	3569
249	1186	3559
250	1190	3553
251	1194	3544
252	1197	35325253	1201	35225254	1204	3519
255	1209	35125256	1212	35025257	1216	3499
258	1220	3490
259	1223	3483
260	1227	3475
261	1230	3465
262	1233	3457
263	1236	3447
264	1239	3438
265	1243	3430
266	1247	3424
267	1250	3414
268	1253	3405
269	1256	3395
270	1259	3387
271	1262	3378
272	1265	3371
273	1269	3363
274	1272	3354
275	1276	3348
276	1279	3338
277	1282	3331
278	1286	3323
279	1289	3315
280	1292	3306
281	1295	3298
282	1299	3291
283	1302	3283
284	1306	3276
285	1309	3268
286	1312	3260
287	1315	3253
288	1319	3245
289	1322	3236
290	1325	3229
291	1329	3222
292	1332	3214
293	1335	3208
294	1339	3200
295	1342	3192
296	1345	3184
297	1348	3177
298	1351	3168
299	1354	3160
300	1358	3155
301	1361	3147
302	1365	3141
303	1368	3133
304	1372	3126
305	1375	3120
306	1378	3112
307	1382	3105
308	1385	3097
309	1389	3092
310	1392	3085
311	1395	3077
312	1398	3069
313	1401	3061
314	1404	3055
315	1407	3047
316	1411	3041
317	1415	3035
318	1418	3029
319	1422	3022
320	1426	3017
321	1429	3009
322	1432	3002
323	1436	2996
324	1440	2991
325	1442	2983
326	1445	2975
327	1449	2968
328	1452	2962
329	1455	2955
330	1458	2948
331	1462	2942
332	1465	2936
333	1469	2930
334	1472	2923
335	1476	2917
336	1479	2910
337	1482	2902
338	1486	2897
339	1489	2891
340	1493	2885
341	1495	2878
342	1498	2870
343	1502	2865
344	1505	2859
345	1509	2852
346	1513	2848
347	1516	2841
348	1520	2835
349	1523	2829
350	1526	2822
351	1530	2816
352	1533	2810
353	1536	2804
354	1540	2799
355	1543	2792
356	1547	2786
357	1550	2780
358	1553	2773
359	1556	2767
360	1559	2760
361	1562	2753
362	1566	2748
363	1568	2741
364	1572	2735
365	1576	2730
366	1579	2723
367	1582	2717
368	1585	2710
369	1588	2705
370	1592	2699
371	1595	2692
372	1598	2686
373	1600	2679
374	1604	2673
375	1606	2666
376	1610	2660
377	1614	2656
378	1618	2651
379	1621	2645
380	1624	2639
381	1627	2633
382	1630	2627
383	1634	2622
384	1638	2616
385	1641	2610
386	1644	2604
387	1647	2599
388	1651	2594
389	1655	2589
390	1658	2583
391	1661	2577
392	1665	2571
393	1668	2566
394	1672	2561
395	1675	2555
396	1678	2550
397	1682	2544
398	1685	2539
399	1688	2533
400	1692	2527
401	1695	2522
402	1698	2516
403	1702	2511
404	1705	2506
405	1709	2500
406	1712	2494
407	1715	2489
408	1718	2483
409	1722	2478
410	1725	2472
411	1728	2467
412	1732	2461
413	1735	2456
414	1739	2452
415	1742	2446
416	1746	2441
417	1749	2435
418	1753	2431
419	1756	2426
420	1760	2420
421	1763	2415
422	1766	2409
423	1769	2403
424	1772	2398
425	1776	2393
426	1779	2387
427	1783	2382
428	1786	2378
429	1789	2372
430	1793	2368
431	1796	2362
432	1800	2357
433	1803	2351
434	1806	2346
435	1810	2342
436	1814	2337
437	1818	2332
438	1821	2327
439	1825	2322
440	1828	2318
441	1832	2312
442	1835	2307
443	1838	2302
444	1841	2296
445	1844	2290
446	1847	2285
447	1851	2281
448	1854	2275
449	1857	2270
450	1860	2265
451	1863	2259
452	1866	2254
453	1870	2249
454	1873	2244
455	1875	2237
456	1878	2231
457	1881	2226
458	1884	2221
459	1887	2216
460	1891	2211
461	1894	2205
462	1897	2200
463	1900	2195
464	1904	2191
465	1907	2185
466	1910	2180
467	1913	2175
468	1916	2169
469	1920	2165
470	1924	2161
471	1927	2155
472	1929	2150
473	1933	2145
474	1936	2140
475	1940	2135
476	1943	2130
477	1946	2125
478	1949	2120
479	1953	2116
480	1956	2110
481	1959	2105
482	1961	2100
483	1965	2095
484	1968	2090
485	1972	2085
486	1976	2081
487	1980	2077
488	1983	2072
489	1986	2067
490	1990	2063
491	1994	2058
492	1998	2055
493	2003	2052
494	2007	2048
495	2011	2044
496	2015	2039
497	2019	2035
498	2023	2031
499	2026	2026
500	2034	2026
501	2038	2022
502	2042	2018
503	2046	2014
504	2052	2011
505	2057	2008
506	2062	2005
507	2068	2003
508	2072	1998
509	2076	1994
510	2079	1989
511	2085	1987
512	2092	1986
513	2101	1987
514	2107	1985
515	2120	1988
516	2127	1987
517	2134	1986
518	2138	1982
519	2143	1978
520	2148	1975
521	2151	1970
522	2154	1965
523	2158	1960
524	2161	1955
525	2165	1951
526	2168	1946
527	2172	1941
528	2176	1937
529	2179	1932
530	2182	1927
531	2186	1923
532	2189	1918
533	2193	1914
534	2198	1910
535	2201	1905
536	2206	1902
537	2210	1898
538	2216	1895
539	2223	1894
540	2226	1888
541	2230	1884
542	2233	1879
543	2237	1875
544	2240	1870
545	2245	1867
546	2250	1863
547	2253	1858
548	2260	1856
549	2265	1853
550	2269	1849
551	2273	1844
552	2277	1840
553	2282	1837
554	2286	1832
555	2289	1828
556	2293	1824
557	2298	1820
558	2301	1815
559	2305	1811
560	2308	1806
561	2313	1803
562	2316	1798
563	2320	1794
564	2325	1790
565	2330	1786
566	2333	1782
567	2337	1777
568	2342	1774
569	2348	1771
570	2354	1768
571	2358	1764
572	2362	1760
573	2366	1756
574	2370	1751
575	2374	1747
576	2380	1744
577	2384	1740
578	2387	1736
579	2392	1732
580	2399	1730
581	2405	1727
582	2411	1724
583	2414	1720
584	2418	1715
585	2421	1710
586	2428	1708
587	2432	1704
588	2436	1700
589	2442	1697
590	2446	1693
591	2451	1689
592	2455	1685
593	2461	1682
594	2464	1677
595	2468	1673
596	2472	1668
597	2476	1664
598	2479	1660
599	2483	1655
600	2488	1651
601	2492	1647
602	2495	1643
603	2498	1638
604	2502	1634
605	2506	1629
606	2510	1625
607	2514	1621
608	2518	1616
609	2521	1612
610	2525	1607
611	2528	1603
612	2531	1598
613	2535	1593
614	2538	1589
615	2541	1584
616	2544	1579
617	2548	1575
618	2551	1570
619	2554	1565
620	2558	1561
621	2561	1556
622	2565	1552
623	2568	1547
624	2571	1542
625	2575	1538
626	2579	1534
627	2582	1529
628	2585	1525
629	2588	1520
630	2592	1516
631	2595	1511
632	2599	1507
633	2603	1502
634	2606	1498
635	2609	1493
636	2613	1489
637	2616	1484
638	2619	1480
639	2623	1475
640	2626	1470
641	2629	1466
642	2632	1461
643	2635	1457
644	2640	1453
645	2643	1448
646	2646	1444
647	2649	1439
648	2653	1434
649	2656	1430
650	2659	1426
651	2663	1421
652	2666	1416
653	2669	1412
654	2673	1408
655	2676	1403
656	2679	1398
657	2682	1394
658	2685	1389
659	2689	1385
660	2691	1380
661	2694	1375
662	2698	1371
663	2702	1367
664	2706	1363
665	2708	1358
666	2712	1354
667	2715	1349
668	2718	1345
669	2722	1340
670	2725	1336
671	2728	1331
672	2731	1327
673	2734	1322
674	2737	1317
675	2741	1313
676	2744	1309
677	2748	1305
678	2751	1300
679	2756	1297
680	2759	1292
681	2762	1288
682	2765	1283
683	2768	1279
684	2771	1274
685	2774	1269
686	2777	1265
687	2780	1260
688	2783	1256
689	2786	1252
690	2790	1248
691	2793	1243
692	2797	1239
693	2800	1234
694	2804	1230
695	2807	1226
696	2810	1221
697	2813	1217
698	2816	1212
699	2820	1208
700	2823	1204
701	2826	1199
702	2829	1195
703	2832	1191
704	2837	1187
705	2840	1182
706	2843	1178
707	2847	1174
708	2851	1170
709	2854	1166
710	2858	1161
711	2861	1157
712	2865	1153
713	2868	1148
714	2872	1144
715	2875	1140
716	2878	1135
717	2880	1131
718	2884	1127
719	2888	1123
720	2891	1118
721	2894	1114
722	2897	1110
723	2900	1105
724	2903	1101
725	2907	1097
726	2910	1092
727	2913	1088
728	2916	1084
729	2919	1079
730	2923	1075
731	2927	1071
732	2930	1067
733	2934	1063
734	2936	1058
735	2939	1054
736	2942	1050
737	2946	1045
738	2949	1041
739	2952	1037
740	2956	1033
741	2959	1029
742	2963	1024
743	2965	1020
744	2969	1016
745	2972	1012
746	2976	1008
747	2980	1004
748	2983	999
749	2986	995
750	2989	991
751	2992	987
752	2996	982
753	3000	978
754	3004	974
755	3007	970
756	3010	966
757	3013	962
758	3017	958
759	3021	954
760	3024	949
761	3028	945
762	3031	941
763	3035	937
764	3038	933
765	3042	929
766	3046	925
767	3048	921
768	3053	917
769	3056	913
770	3060	909
771	3064	905
772	3068	901
773	3072	897
774	3075	892
775	3078	888
776	3081	884
777	3085	880
778	3088	876
779	3091	872
780	3095	868
781	3099	864
782	3102	859
783	3105	855
784	3108	851
785	3112	847
786	3116	843
787	3120	839
788	3124	835
789	3128	831
790	3131	827
791	3135	823
792	3138	819
793	3141	815
794	3144	810
795	3148	806
796	3152	802
797	3155	798
798	3159	794
799	3162	790
800	3165	786
801	3169	782
802	3172	778
803	3176	774
804	3180	770
805	3183	766
806	3186	762
807	3190	758
808	3193	753
809	3196	749
810	3199	745
811	3203	741
812	3207	737
813	3210	733
814	3213	729
815	3216	725
816	3219	721
817	3223	717
818	3227	713
819	3231	709
820	3234	705
821	3238	701
822	3241	697
823	3245	693
824	3248	689
825	3252	685
826	3255	681
827	3259	677
828	3262	672
829	3265	668
830	3268	664
831	3271	660
832	3274	656
833	3277	652
834	3281	648
835	3284	644
836	3288	640
837	3291	636
838	3294	632
839	3298	628
840	3302	624
841	3305	620
842	3308	616
843	3311	612
844	3315	608
845	3318	604
846	3322	600
847	3325	596
848	3329	592
849	3332	588
850	3336	584
851	3339	580
852	3342	576
853	3346	572
854	3349	568
855	3353	564
856	3357	560
857	3360	556
858	3363	552
859	3367	548
860	3370	544
861	3373	540
862	3377	536
863	3381	532
864	3384	528
865	3387	524
866	3390	520
867	3394	516
868	3398	512
869	3401	508
870	3405	504
871	3409	500
872	3412	496
873	3415	492
874	3419	488
875	3422	484
876	3426	480
877	3430	476
878	3434	472
879	3437	468
880	3441	464
881	3444	460
882	3447	456
883	3451	452
884	3454	448
885	3457	444
886	3461	441
887	3465	437
888	3468	433
889	3471	429
890	3474	425
891	3477	421
892	3481	417
893	3484	413
894	3487	409
895	3491	405
896	3494	401
897	3497	397
898	3500	393
899	3504	389
900	3507	385
901	3510	381
902	3513	377
903	3516	373
904	3519	369
905	3522	365
906	3525	361
907	3528	357
908	3532	353
909	3535	349
910	3538	345
911	3541	341
912	3545	337
913	3548	333
914	3551	329
915	3554	325
916	3557	322
917	3560	318
918	3563	314
919	3566	310
920	3570	306
921	3573	302
922	3576	298
923	3580	294
924	3583	290
925	3587	286
926	3590	282
927	3593	278
928	3600	275
929	3603	271
930	3606	267
931	3609	263
932	3612	259
933	3615	255
934	3619	251
935	3621	247
936	3623	243
937	3626	239
938	3629	235
939	3631	231
940	3634	227
941	3636	223
942	3639	219
943	3641	216
944	3643	212
945	3646	208
946	3648	204
947	3651	200
948	3653	196
949	3655	192
950	3657	188
951	3659	184
952	3662	180
953	3664	176
954	3667	172
955	3669	168
956	3672	164
957	3674	161
958	3676	157
959	3679	153
960	3681	149
961	3683	145
962	3685	141
963	3687	137
964	3689	133
965	3691	129
966	3693	126
967	3696	122
968	3698	118
969	3700	114
970	3703	110
971	3705	106
972	3707	102
973	3709	99
974	3711	95
975	3713	91
976	3715	87
977	3717	83
978	3719	79
979	3722	75
980	3724	72
981	3726	68
982	3728	64
983	3730	60
984	3731	56
985	3733	53
986	3735	49
987	3737	45
988	3739	41
989	3741	37
990	3742	33
991	3744	30
992	3746	26
993	3748	22
994	3750	18
995	3752	15
996	3754	11
997	3755	7
998	3757	3
999	3759	0
